13,5,public/images/product/tv_2_002_1669918913.jpg,2022-12-01 20:21:53,2022-12-01 20:21:53
14,5,public/images/product/tv_2_003_1669918913.jpg,2022-12-01 20:21:53,2022-12-01 20:21:53
15,5,public/images/product/tv_2_004_1669918913.jpg,2022-12-01 20:21:53,2022-12-01 20:21:53
16,6,public/images/product/phone_1_002_1669919687.jpg,2022-12-01 20:34:47,2022-12-01 20:34:47
17,6,public/images/product/phone_1_003_1669919687.jpg,2022-12-01 20:34:47,2022-12-01 20:34:47
18,6,public/images/product/phone_1_004_1669919687.jpg,2022-12-01 20:34:47,2022-12-01 20:34:47
19,7,public/images/product/111_1669919880.jpg,2022-12-01 20:38:00,2022-12-01 20:38:00
20,7,public/images/product/222_1669919880.jpg,2022-12-01 20:38:00,2022-12-01 20:38:00
21,7,public/images/product/333_1669919880.jpg,2022-12-01 20:38:00,2022-12-01 20:38:00
22,7,public/images/product/444_1669919880.jpg,2022-12-01 20:38:00,2022-12-01 20:38:00
23,17,public/images/product/tv_3_001_1674490533.jpg,2023-01-23 18:15:33,2023-01-23 18:15:33
24,17,public/images/product/tv_3_002_1674490533.jpg,2023-01-23 18:15:33,2023-01-23 18:15:33
25,17,public/images/product/tv_3_003_1674490533.jpg,2023-01-23 18:15:33,2023-01-23 18:15:33
26,17,public/images/product/tv_3_004_1674490533.jpg,2023-01-23 18:15:33,2023-01-23 18:15:33
27,18,public/images/product/zu_1_001_1674501865.jpg,2023-01-23 21:24:25,2023-01-23 21:24:25
28,18,public/images/product/zu_1_002_1674501865.jpg,2023-01-23 21:24:25,2023-01-23 21:24:25
29,18,public/images/product/zu_1_003_1674501865.jpg,2023-01-23 21:24:25,2023-01-23 21:24:25
30,18,public/images/product/zu_1_004_1674501865.jpg,2023-01-23 21:24:25,2023-01-23 21:24:25
31,18,public/images/product/zu_1_005_1674501865.jpg,2023-01-23 21:24:25,2023-01-23 21:24:25
32,19,public/images/product/tv_4_001_1675550753.jpg,2023-01-23 21:26:56,2023-01-23 21:26:56
33,19,public/images/product/tv_4_002_1675550753.jpg,2023-01-23 21:26:56,2023-01-23 21:26:56
34,19,public/images/product/tv_4_003_1675550753.jpg,2023-01-23 21:26:56,2023-01-23 21:26:56
35,19,public/images/product/tv_4_004_1675550753.jpg,2023-01-23 21:26:56,2023-01-23 21:26:56
36,20,public/images/product/phone_2_001_1674504243.jpg,2023-01-23 22:04:03,2023-01-23 22:04:03
37,20,public/images/product/phone_2_002_1674504243.jpg,2023-01-23 22:04:03,2023-01-23 22:04:03
38,20,public/images/product/phone_2_003_1674504243.jpg,2023-01-23 22:04:03,2023-01-23 22:04:03
